Owner ID,Owner Name,Owner Phone,Owner Image
13,David Hunt,9176234784,https://randomuser.me/api/portraits/men/95.jpg
83,Wayne Hernandez,9168280824,https://randomuser.me/api/portraits/men/60.jpg
9,Susan Duarte,9183749926,https://randomuser.me/api/portraits/women/34.jpg
171,Laura Warner,9176666923,https://randomuser.me/api/portraits/women/100.jpg
8,April Watkins,9176530057,https://randomuser.me/api/portraits/men/37.jpg
5,Jane Walton,9178119813,https://randomuser.me/api/portraits/women/24.jpg
250,William Thomas,9153580555,https://randomuser.me/api/portraits/men/66.jpg
175,Shawn Lynn,9159359910,https://randomuser.me/api/portraits/men/100.jpg
40,Joel Andrews MD,9155090705,https://randomuser.me/api/portraits/women/87.jpg
69,Patricia Rodriguez MD,9151897312,https://randomuser.me/api/portraits/women/15.jpg
240,Hannah Montoya DVM,9155879873,https://randomuser.me/api/portraits/men/94.jpg
36,Tamara Chapman,9163518692,https://randomuser.me/api/portraits/women/54.jpg
,Jesse Nguyen,9185659709,https://randomuser.me/api/portraits/men/74.jpg
110,Maria Davis,9198554021,https://randomuser.me/api/portraits/women/96.jpg
256,Kathleen Morales,9192861993,https://randomuser.me/api/portraits/men/18.jpg
2,Kelli Steele,9191622686,https://randomuser.me/api/portraits/women/71.jpg
241,Kenneth Dixon,9155612513,https://randomuser.me/api/portraits/men/51.jpg
142,Kelli Richardson,9155274384,https://randomuser.me/api/portraits/men/50.jpg
115,Heather Vazquez,9171319878,https://randomuser.me/api/portraits/women/80.jpg
314,Nicole Richardson,9168871769,https://randomuser.me/api/portraits/men/15.jpg
243,Laura Weaver,9166834169,https://randomuser.me/api/portraits/women/72.jpg
147,Patrick Wright,9159866508,https://randomuser.me/api/portraits/men/31.jpg
71,Nathan Mendoza,9169614442,https://randomuser.me/api/portraits/women/11.jpg
1,Joseph Reyes,9165220111,https://randomuser.me/api/portraits/women/15.jpg
10,Kimberly Sanchez,9184862833,https://randomuser.me/api/portraits/men/36.jpg
89,Janice Jackson,9168494990,https://randomuser.me/api/portraits/men/2.jpg
7,Jason Larsen,9161690135,https://randomuser.me/api/portraits/men/49.jpg
15,Mr. Jeffrey Matthews,9156434630,https://randomuser.me/api/portraits/men/57.jpg
28,John Robles,9194075245,https://randomuser.me/api/portraits/women/38.jpg
12,Brian Pitts,9195471095,https://randomuser.me/api/portraits/women/40.jpg
20,Ronald Jacobs,9165000768,https://randomuser.me/api/portraits/men/77.jpg
3,Jacob Kennedy,9160025690,https://randomuser.me/api/portraits/women/80.jpg
6,Paul Rodriguez,9153509073,https://randomuser.me/api/portraits/men/53.jpg
4,Emily Lucero,9167640579,https://randomuser.me/api/portraits/men/55.jpg
14,Scott Carter,9158751352,https://randomuser.me/api/portraits/men/6.jpg
74,Jeffrey Valdez,9173187834,https://randomuser.me/api/portraits/men/19.jpg
11,Jerry Sanders,9161826299,https://randomuser.me/api/portraits/women/76.jpg
